file	index	reads	file_reads
PUM1	TGAGTACT	39015744	39015744
PUM2	TGAGTACT	37572534	37572534
PUM3	TGAGTACT	32550439	32550439
PUM4	TGAGTACT	22785307	30650313
PUM4	CTGTCACT	7865006	30650313
PUM5	TGAGTACT	22785307	22785307
Qui1	CTGTCACT	39325033	39325033
Qui2	CATAAGCC	37115997	37248902
Qui3	TAACCATA	42137866	42137866
Qui4	GGTACACG	35048248	35048248
Qui5	CTGTCACT	33666512	33666512
RP1	TGTCGTGA	42167694	42167694
RP2	GGCTATCG	36433770	36433770
RP3	AGCGGCAA	33380360	33380360
RP4	ATCGAGCG	40588321	40588321
RP5	AGCGGCAA	33380360	33380360
