query_file	found_in_file	query_reads	shared_reads	pct_of_query
PUM2	PUM1	37572534	37572534	100.00
PUM3	PUM1	32550439	32550439	100.00
PUM5	PUM1	22785307	22785307	100.00
PUM5	PUM3	22785307	22785307	100.00
PUM5	PUM4	22785307	22785307	100.00
Qui5	Qui1	33666512	33666512	100.00
RP3	RP5	33380360	33380360	100.00
RP5	RP3	33380360	33380360	100.00
PUM1	PUM2	39015744	37572534	96.30
PUM3	PUM2	32550439	31345805	96.30
PUM5	PUM2	22785307	21942258	96.30
Qui1	Qui5	39325033	33666512	85.61
PUM1	PUM3	39015744	32550439	83.43
PUM2	PUM3	37572534	31345805	83.43
PUM4	PUM1	30650313	22785307	74.34
PUM4	PUM3	30650313	22785307	74.34
PUM4	PUM5	30650313	22785307	74.34
PUM4	PUM2	30650313	21942258	71.59
PUM3	PUM4	32550439	22785307	70.00
PUM3	PUM5	32550439	22785307	70.00
PUM1	PUM4	39015744	22785307	58.40
PUM1	PUM5	39015744	22785307	58.40
PUM2	PUM4	37572534	21942258	58.40
PUM2	PUM5	37572534	21942258	58.40
PUM4	Qui1	30650313	7865006	25.66
PUM4	Qui5	30650313	6733934	21.97
Qui1	PUM4	39325033	7865006	20.00
Qui5	PUM4	33666512	6733934	20.00
Qui2	Qui2	37248902	77250	0.21
Qui2	Qui3	37248902	52338	0.14
Qui2	RP1	37248902	52619	0.14
Qui2	RP4	37248902	50952	0.14
PUM3	Qui2	32550439	40727	0.13
Qui2	PUM1	37248902	48641	0.13
Qui2	PUM2	37248902	46764	0.13
Qui2	Qui1	37248902	49149	0.13
Qui4	Qui2	35048248	43873	0.13
RP2	Qui2	36433770	45674	0.13
RP3	Qui2	33380360	41898	0.13
RP4	Qui2	40588321	50952	0.13
RP5	Qui2	33380360	41898	0.13
PUM1	Qui2	39015744	48641	0.12
PUM2	Qui2	37572534	46764	0.12
PUM4	Qui2	30650313	38094	0.12
PUM5	Qui2	22785307	28322	0.12
Qui1	Qui2	39325033	49149	0.12
Qui2	Qui4	37248902	43873	0.12
Qui2	RP2	37248902	45674	0.12
Qui3	Qui2	42137866	52338	0.12
Qui5	Qui2	33666512	42047	0.12
RP1	Qui2	42167694	52619	0.12
Qui2	PUM3	37248902	40727	0.11
Qui2	Qui5	37248902	42047	0.11
Qui2	RP3	37248902	41898	0.11
Qui2	RP5	37248902	41898	0.11
Qui2	PUM4	37248902	38094	0.10
Qui2	PUM5	37248902	28322	0.08
