comparison	query_sequence	target_sequence	strand	alignment_count	matching_bp	alignment_block_bp	identity_pct
assembly1_vs_hapa	Chromosome_2A	Chromosome_2A	+	1	90647114	98156177	92.3499
assembly1_vs_hapa	Chromosome_1A	Chromosome_1B	+	19	87818671	95532622	91.9253
assembly1_vs_hapa	Chromosome_4A	Chromosome_4A	+	1	85650893	93973235	91.1439
assembly1_vs_hapa	Chromosome_6A	Chromosome_6A	+	1	70599908	76092939	92.7812
assembly1_vs_hapa	Chromosome_7A	Chromosome_7B	+	5	66871933	73561932	90.9056
assembly1_vs_hapa	Chromosome_5A	Chromosome_5B	+	91	47021369	58713843	80.0857
assembly1_vs_hapa	Chromosome_3A	Chromosome_6B	+	99	45988915	55828300	82.3756
assembly1_vs_hapa	Chromosome_3A	Chromosome_6B	-	188	35859251	42566090	84.2437
assembly1_vs_hapa	Chromosome_10A	Chromosome_10A	+	1	38371605	41401217	92.6823
assembly1_vs_hapa	Chromosome_9A	Chromosome_9B	-	113	29075308	39553900	73.5081
assembly1_vs_hapa	Chromosome_5A	Chromosome_5B	-	160	31789426	38017312	83.6183
assembly1_vs_hapa	Chromosome_9A	Chromosome_9B	+	173	26797801	34182453	78.3964
assembly1_vs_hapa	Chromosome_8A	Chromosome_8B	-	185	21479402	31692126	67.7752
assembly1_vs_hapa	Chromosome_8A	Chromosome_8B	+	217	21442808	31198683	68.7298
assembly1_vs_hapa	Chromosome_1A	Chromosome_1B	-	43	3925674	5767318	68.0676
assembly1_vs_hapa	Chromosome_7A	Chromosome_7B	-	8	437272	1137899	38.4280
assembly1_vs_hapa	Chromosome_8A	Chromosome_1B	-	41	458774	751248	61.0682
assembly1_vs_hapa	Chromosome_3A	Chromosome_8B	-	19	419268	598008	70.1108
assembly1_vs_hapa	Chromosome_9A	Chromosome_8B	+	37	359901	542320	66.3632
assembly1_vs_hapa	Chromosome_3A	Chromosome_1B	-	22	22742	343466	6.6213
assembly1_vs_hapa	Chromosome_8A	Chromosome_1B	+	47	96407	335421	28.7421
assembly1_vs_hapa	Chromosome_5A	Chromosome_7B	+	18	149088	316649	47.0830
assembly1_vs_hapa	Chromosome_8A	Chromosome_7B	+	33	68237	274804	24.8312
assembly1_vs_hapa	Chromosome_8A	Chromosome_5B	-	25	29418	258389	11.3852
assembly1_vs_hapa	Chromosome_3A	Chromosome_5B	+	20	20892	255818	8.1667
assembly1_vs_hapa	Chromosome_9A	Chromosome_5B	+	26	108762	240565	45.2111
assembly1_vs_hapa	Chromosome_9A	Chromosome_10A	+	7	82035	232887	35.2252
assembly1_vs_hapa	Chromosome_5A	Chromosome_1B	-	20	60394	220045	27.4462
assembly1_vs_hapa	Chromosome_1A	Chromosome_7B	-	5	14355	206538	6.9503
assembly1_vs_hapa	Chromosome_8A	Chromosome_7B	-	25	70585	202131	34.9204
assembly1_vs_hapa	Chromosome_9A	Chromosome_6B	-	24	21279	163880	12.9845
assembly1_vs_hapa	Chromosome_8A	Chromosome_9B	+	28	29280	159966	18.3039
assembly1_vs_hapa	Chromosome_3A	Chromosome_7B	-	10	11033	153232	7.2002
assembly1_vs_hapa	Chromosome_9A	Chromosome_1B	+	28	6542	148548	4.4040
assembly1_vs_hapa	Chromosome_8A	Chromosome_6B	-	32	43937	144646	30.3755
assembly1_vs_hapa	Chromosome_3A	Chromosome_1B	+	19	5706	142237	4.0116
assembly1_vs_hapa	Chromosome_8A	Chromosome_6B	+	38	28295	140469	20.1432
assembly1_vs_hapa	Chromosome_8A	Chromosome_10A	+	10	17646	139414	12.6573
assembly1_vs_hapa	Chromosome_5A	Chromosome_6B	+	12	33293	130030	25.6041
assembly1_vs_hapa	Chromosome_5A	Chromosome_7B	-	22	26682	126459	21.0993
assembly1_vs_hapa	Chromosome_9A	Chromosome_6B	+	15	4136	126436	3.2712
assembly1_vs_hapa	Chromosome_9A	Chromosome_7B	-	22	10705	125133	8.5549
assembly1_vs_hapa	Chromosome_5A	Chromosome_1B	+	23	27894	124689	22.3709
assembly1_vs_hapa	Chromosome_8A	Chromosome_2A	-	21	26645	117056	22.7626
assembly1_vs_hapa	Chromosome_8A	Chromosome_5B	+	25	17519	115731	15.1377
assembly1_vs_hapa	Chromosome_9A	Chromosome_1B	-	26	9937	112852	8.8053
assembly1_vs_hapa	Chromosome_9A	Chromosome_5B	-	35	15983	110093	14.5177
assembly1_vs_hapa	Chromosome_5A	Chromosome_9B	+	10	42975	109770	39.1500
assembly1_vs_hapa	Chromosome_9A	Chromosome_4A	+	15	4007	103115	3.8860
assembly1_vs_hapa	Chromosome_8A	Chromosome_10A	-	5	5203	101380	5.1322
assembly1_vs_hapa	Chromosome_1A	Chromosome_8B	-	2	10891	99160	10.9833
assembly1_vs_hapa	Chromosome_1A	Chromosome_4A	+	7	5065	98967	5.1179
assembly1_vs_hapa	Chromosome_9A	Chromosome_7B	+	10	24710	96244	25.6743
assembly1_vs_hapa	Chromosome_3A	Chromosome_2A	-	9	8402	94178	8.9214
assembly1_vs_hapa	Chromosome_9A	Chromosome_4A	-	13	9657	87916	10.9843
assembly1_vs_hapa	Chromosome_8A	Chromosome_6A	+	17	39742	80912	49.1176
assembly1_vs_hapa	Chromosome_5A	Chromosome_8B	+	15	43247	74242	58.2514
assembly1_vs_hapa	Chromosome_5A	Chromosome_6A	+	11	5903	72061	8.1917
assembly1_vs_hapa	Chromosome_9A	Chromosome_2A	+	15	8630	71459	12.0769
assembly1_vs_hapa	Chromosome_5A	Chromosome_4A	+	7	2754	67579	4.0752
assembly1_vs_hapa	Chromosome_3A	Chromosome_4A	+	15	51373	63636	80.7295
assembly1_vs_hapa	Chromosome_3A	Chromosome_2A	+	18	12377	63260	19.5653
assembly1_vs_hapa	Chromosome_9A	Chromosome_2A	-	18	5749	60913	9.4381
assembly1_vs_hapa	Chromosome_3A	Chromosome_6A	-	14	24175	58848	41.0804
assembly1_vs_hapa	Chromosome_3A	Chromosome_7B	+	8	5582	55765	10.0099
assembly1_vs_hapa	Chromosome_5A	Chromosome_10A	-	4	13292	52050	25.5370
assembly1_vs_hapa	Chromosome_1A	Chromosome_6A	+	2	5532	51830	10.6734
assembly1_vs_hapa	Chromosome_1A	Chromosome_7B	+	1	712	50854	1.4001
assembly1_vs_hapa	Chromosome_5A	Chromosome_6A	-	12	12788	50349	25.3987
assembly1_vs_hapa	Chromosome_5A	Chromosome_2A	-	11	10265	47892	21.4336
assembly1_vs_hapa	Chromosome_3A	Chromosome_10A	+	5	6466	45212	14.3015
assembly1_vs_hapa	Chromosome_3A	Chromosome_6A	+	11	6031	44999	13.4025
assembly1_vs_hapa	Chromosome_8A	Chromosome_2A	+	23	30338	43158	70.2952
assembly1_vs_hapa	Chromosome_8A	Chromosome_4A	-	28	15752	42906	36.7128
assembly1_vs_hapa	Chromosome_5A	Chromosome_8B	-	8	1778	42745	4.1596
assembly1_vs_hapa	Chromosome_5A	Chromosome_10A	+	6	35943	42280	85.0118
assembly1_vs_hapa	Chromosome_5A	Chromosome_6B	-	14	2739	40592	6.7476
assembly1_vs_hapa	Chromosome_8A	Chromosome_9B	-	21	11192	37419	29.9099
assembly1_vs_hapa	Chromosome_3A	Chromosome_5B	-	22	24395	35147	69.4085
assembly1_vs_hapa	Chromosome_8A	Chromosome_6A	-	15	6664	33055	20.1603
assembly1_vs_hapa	Chromosome_8A	Chromosome_4A	+	15	8356	28911	28.9025
assembly1_vs_hapa	Chromosome_1A	Chromosome_6B	-	5	6529	22961	28.4352
assembly1_vs_hapa	Chromosome_3A	Chromosome_9B	-	7	1332	22094	6.0288
assembly1_vs_hapa	Chromosome_1A	Chromosome_10A	+	1	7337	21581	33.9975
assembly1_vs_hapa	Chromosome_3A	Chromosome_9B	+	16	11771	20766	56.6840
assembly1_vs_hapa	Chromosome_3A	Chromosome_4A	-	14	3902	19344	20.1716
assembly1_vs_hapa	Chromosome_5A	Chromosome_2A	+	13	7741	15333	50.4859
assembly1_vs_hapa	Chromosome_9A	Chromosome_8B	-	11	7979	14621	54.5722
assembly1_vs_hapa	Chromosome_9A	Chromosome_6A	+	6	4129	9838	41.9699
assembly1_vs_hapa	Chromosome_1A	Chromosome_4A	-	3	393	9571	4.1062
assembly1_vs_hapa	Chromosome_5A	Chromosome_9B	-	15	4388	9428	46.5422
assembly1_vs_hapa	Chromosome_1A	Chromosome_9B	+	2	8788	9307	94.4236
assembly1_vs_hapa	Chromosome_3A	Chromosome_8B	+	11	5358	8576	62.4767
assembly1_vs_hapa	Chromosome_1A	Chromosome_6B	+	5	1239	8099	15.2982
assembly1_vs_hapa	Chromosome_7A	Chromosome_10A	-	3	2365	7662	30.8666
assembly1_vs_hapa	Chromosome_9A	Chromosome_6A	-	8	1442	5471	26.3572
assembly1_vs_hapa	Chromosome_9A	Chromosome_10A	-	3	1517	4666	32.5118
assembly1_vs_hapa	Chromosome_7A	Chromosome_8B	+	2	219	4071	5.3795
assembly1_vs_hapa	Chromosome_5A	Chromosome_4A	-	7	2290	3465	66.0895
assembly1_vs_hapa	Chromosome_1A	Chromosome_5B	-	5	467	2328	20.0601
assembly1_vs_hapa	Chromosome_3A	Chromosome_10A	-	4	565	1943	29.0787
assembly1_vs_hapa	Chromosome_1A	Chromosome_2A	-	2	604	1152	52.4306
assembly1_vs_hapa	Chromosome_1A	Chromosome_10A	-	3	277	956	28.9749
assembly1_vs_hapa	Chromosome_7A	Chromosome_9B	+	1	115	496	23.1855
assembly1_vs_hapa	Chromosome_7A	Chromosome_5B	+	2	237	370	64.0541
assembly1_vs_hapa	Chromosome_7A	Chromosome_2A	+	2	117	366	31.9672
assembly1_vs_hapa	Chromosome_1A	Chromosome_9B	-	2	318	357	89.0756
assembly1_vs_hapa	Chromosome_7A	Chromosome_10A	+	2	161	336	47.9167
assembly1_vs_hapa	Chromosome_7A	Chromosome_6B	-	2	155	334	46.4072
assembly1_vs_hapa	Chromosome_1A	Chromosome_6A	-	2	155	304	50.9868
assembly1_vs_hapa	Chromosome_7A	Chromosome_4A	-	2	165	220	75.0000
assembly1_vs_hapa	Chromosome_7A	Chromosome_6B	+	1	89	165	53.9394
assembly1_vs_hapa	Chromosome_7A	Chromosome_9B	-	1	52	100	52.0000
assembly1_vs_hapa	Chromosome_1A	Chromosome_5B	+	1	46	96	47.9167
assembly1_vs_hapa	Chromosome_1A	Chromosome_2A	+	1	57	85	67.0588
assembly1_vs_hapa	Chromosome_7A	Chromosome_1B	+	1	42	42	100.0000
assembly1_vs_hapb	Chromosome_1B	Chromosome_1B	+	9	125011683	138486658	90.2698
assembly1_vs_hapb	Chromosome_5B	Chromosome_5B	-	4	103555853	113810789	90.9895
assembly1_vs_hapb	Chromosome_6B	Chromosome_6B	+	1	102619907	112503869	91.2146
assembly1_vs_hapb	Chromosome_7B	Chromosome_7B	+	2	101576605	111972959	90.7153
assembly1_vs_hapb	Chromosome_8B	Chromosome_8B	+	1	96806366	108828108	88.9535
assembly1_vs_hapb	Chromosome_9B	Chromosome_9B	+	1	83329223	91966405	90.6083
assembly1_vs_hapb	Chromosome_2B	Chromosome_2A	-	534	43109652	58881948	73.2137
assembly1_vs_hapb	Chromosome_3B	Chromosome_6A	+	1073	39955324	58415635	68.3983
assembly1_vs_hapb	Chromosome_2B	Chromosome_2A	+	539	44699045	57239037	78.0919
assembly1_vs_hapb	Chromosome_4B	Chromosome_4A	+	290	40325508	55916012	72.1180
assembly1_vs_hapb	Chromosome_3B	Chromosome_6A	-	943	31095073	50715384	61.3129
assembly1_vs_hapb	Chromosome_4B	Chromosome_4A	-	341	39239910	46886002	83.6922
assembly1_vs_hapb	Chromosome_10B	Chromosome_10A	-	506	21473594	35417470	60.6299
assembly1_vs_hapb	Chromosome_10B	Chromosome_10A	+	516	18367309	32557652	56.4147
assembly1_vs_hapb	Chromosome_3B	Chromosome_1B	+	443	446703	3838956	11.6361
assembly1_vs_hapb	Chromosome_3B	Chromosome_1B	-	403	512150	3470120	14.7589
assembly1_vs_hapb	Chromosome_2B	Chromosome_8B	-	151	1183231	3442901	34.3673
assembly1_vs_hapb	Chromosome_3B	Chromosome_7B	-	349	713429	3371511	21.1605
assembly1_vs_hapb	Chromosome_3B	Chromosome_8B	-	201	1204328	3123130	38.5616
assembly1_vs_hapb	Chromosome_2B	Chromosome_1B	-	337	626311	3020562	20.7349
assembly1_vs_hapb	Chromosome_3B	Chromosome_6B	+	340	550996	3012139	18.2925
assembly1_vs_hapb	Chromosome_4B	Chromosome_1B	+	203	489912	2859171	17.1348
assembly1_vs_hapb	Chromosome_3B	Chromosome_7B	+	278	547367	2776012	19.7177
assembly1_vs_hapb	Chromosome_3B	Chromosome_6B	-	326	431793	2718027	15.8863
assembly1_vs_hapb	Chromosome_2B	Chromosome_8B	+	133	1055208	2615856	40.3389
assembly1_vs_hapb	Chromosome_3B	Chromosome_4A	-	261	595864	2602398	22.8967
assembly1_vs_hapb	Chromosome_3B	Chromosome_8B	+	218	646571	2554339	25.3127
assembly1_vs_hapb	Chromosome_10B	Chromosome_8B	+	281	566889	2450479	23.1338
assembly1_vs_hapb	Chromosome_4B	Chromosome_1B	-	192	424779	2343418	18.1265
assembly1_vs_hapb	Chromosome_2B	Chromosome_7B	+	197	380410	2309130	16.4742
assembly1_vs_hapb	Chromosome_3B	Chromosome_9B	-	247	386575	2269611	17.0327
assembly1_vs_hapb	Chromosome_2B	Chromosome_6B	+	237	320445	2258388	14.1891
assembly1_vs_hapb	Chromosome_10B	Chromosome_8B	-	155	537191	2220969	24.1872
assembly1_vs_hapb	Chromosome_2B	Chromosome_1B	+	315	462014	2216684	20.8426
assembly1_vs_hapb	Chromosome_2B	Chromosome_7B	-	205	350762	2191654	16.0044
assembly1_vs_hapb	Chromosome_4B	Chromosome_5B	+	193	338929	2099966	16.1397
assembly1_vs_hapb	Chromosome_2B	Chromosome_4A	+	222	422000	2078372	20.3044
assembly1_vs_hapb	Chromosome_3B	Chromosome_5B	-	302	366052	2045212	17.8980
assembly1_vs_hapb	Chromosome_10B	Chromosome_1B	-	218	471790	1984894	23.7690
assembly1_vs_hapb	Chromosome_4B	Chromosome_9B	+	109	430245	1971235	21.8262
assembly1_vs_hapb	Chromosome_3B	Chromosome_5B	+	255	449540	1959791	22.9382
assembly1_vs_hapb	Chromosome_10B	Chromosome_1B	+	216	228775	1903861	12.0164
assembly1_vs_hapb	Chromosome_2B	Chromosome_4A	-	206	381332	1879721	20.2866
assembly1_vs_hapb	Chromosome_4B	Chromosome_8B	+	84	604543	1780982	33.9444
assembly1_vs_hapb	Chromosome_2B	Chromosome_9B	+	162	336943	1778801	18.9421
assembly1_vs_hapb	Chromosome_3B	Chromosome_4A	+	263	581048	1776162	32.7137
assembly1_vs_hapb	Chromosome_2B	Chromosome_6B	-	231	234901	1763413	13.3208
assembly1_vs_hapb	Chromosome_4B	Chromosome_6B	+	163	189531	1748955	10.8368
assembly1_vs_hapb	Chromosome_10B	Chromosome_7B	-	134	208526	1689647	12.3414
assembly1_vs_hapb	Chromosome_2B	Chromosome_5B	-	251	383632	1666037	23.0266
assembly1_vs_hapb	Chromosome_2B	Chromosome_5B	+	261	209275	1631897	12.8240
assembly1_vs_hapb	Chromosome_10B	Chromosome_9B	-	99	309418	1623661	19.0568
assembly1_vs_hapb	Chromosome_3B	Chromosome_2A	+	242	265544	1590576	16.6948
assembly1_vs_hapb	Chromosome_4B	Chromosome_6B	-	181	239198	1584767	15.0936
assembly1_vs_hapb	Chromosome_3B	Chromosome_9B	+	205	336230	1523655	22.0673
assembly1_vs_hapb	Chromosome_2B	Chromosome_9B	-	164	276185	1495226	18.4711
assembly1_vs_hapb	Chromosome_4B	Chromosome_7B	-	127	242037	1477582	16.3806
assembly1_vs_hapb	Chromosome_3B	Chromosome_2A	-	294	260281	1425619	18.2574
assembly1_vs_hapb	Chromosome_4B	Chromosome_9B	-	146	229559	1341369	17.1138
assembly1_vs_hapb	Chromosome_4B	Chromosome_8B	-	97	298656	1329940	22.4564
assembly1_vs_hapb	Chromosome_4B	Chromosome_7B	+	107	149036	1225270	12.1635
assembly1_vs_hapb	Chromosome_10B	Chromosome_4A	+	135	109399	1180169	9.2698
assembly1_vs_hapb	Chromosome_10B	Chromosome_5B	+	131	143666	1125539	12.7642
assembly1_vs_hapb	Chromosome_4B	Chromosome_5B	-	147	138632	1116096	12.4212
assembly1_vs_hapb	Chromosome_10B	Chromosome_6A	-	93	281889	1100364	25.6178
assembly1_vs_hapb	Chromosome_10B	Chromosome_6B	+	155	215432	978909	22.0074
assembly1_vs_hapb	Chromosome_4B	Chromosome_2A	-	133	176718	959939	18.4093
assembly1_vs_hapb	Chromosome_10B	Chromosome_9B	+	129	214403	942164	22.7564
assembly1_vs_hapb	Chromosome_2B	Chromosome_6A	+	113	164408	911190	18.0432
assembly1_vs_hapb	Chromosome_10B	Chromosome_7B	+	135	129382	899059	14.3908
assembly1_vs_hapb	Chromosome_10B	Chromosome_5B	-	148	213048	884572	24.0849
assembly1_vs_hapb	Chromosome_4B	Chromosome_2A	+	144	161523	793517	20.3553
assembly1_vs_hapb	Chromosome_3B	Chromosome_10A	+	107	187858	768940	24.4308
assembly1_vs_hapb	Chromosome_4B	Chromosome_6A	+	84	116749	736929	15.8426
assembly1_vs_hapb	Chromosome_2B	Chromosome_10A	-	67	82222	731332	11.2428
assembly1_vs_hapb	Chromosome_10B	Chromosome_6B	-	126	165419	693766	23.8436
assembly1_vs_hapb	Chromosome_4B	Chromosome_6A	-	79	78851	638291	12.3535
assembly1_vs_hapb	Chromosome_10B	Chromosome_2A	+	115	83050	634176	13.0957
assembly1_vs_hapb	Chromosome_3B	Chromosome_10A	-	97	134516	615402	21.8582
assembly1_vs_hapb	Chromosome_10B	Chromosome_6A	+	88	127407	590681	21.5695
assembly1_vs_hapb	Chromosome_10B	Chromosome_2A	-	142	132514	556863	23.7965
assembly1_vs_hapb	Chromosome_2B	Chromosome_6A	-	88	127381	491276	25.9286
assembly1_vs_hapb	Chromosome_4B	Chromosome_10A	+	44	44519	422056	10.5481
assembly1_vs_hapb	Chromosome_4B	Chromosome_10A	-	41	41013	397721	10.3120
assembly1_vs_hapb	Chromosome_1B	Chromosome_1B	-	9	133409	363869	36.6640
assembly1_vs_hapb	Chromosome_10B	Chromosome_4A	-	112	67012	352462	19.0125
assembly1_vs_hapb	Chromosome_1B	Chromosome_7B	+	6	248983	348125	71.5211
assembly1_vs_hapb	Chromosome_2B	Chromosome_10A	+	64	83691	234197	35.7353
assembly1_vs_hapb	Chromosome_1B	Chromosome_8B	+	4	102037	107686	94.7542
assembly1_vs_hapb	Chromosome_1B	Chromosome_8B	-	1	102797	106999	96.0729
assembly1_vs_hapb	Chromosome_6B	Chromosome_6B	-	3	43311	88416	48.9855
assembly1_vs_hapb	Chromosome_6B	Chromosome_8B	-	2	5940	64379	9.2266
assembly1_vs_hapb	Chromosome_5B	Chromosome_5B	+	4	23521	51260	45.8857
assembly1_vs_hapb	Chromosome_7B	Chromosome_9B	-	2	30932	43841	70.5550
assembly1_vs_hapb	Chromosome_7B	Chromosome_8B	+	3	17017	34809	48.8868
assembly1_vs_hapb	Chromosome_7B	Chromosome_8B	-	7	12416	28964	42.8670
assembly1_vs_hapb	Chromosome_7B	Chromosome_4A	+	2	9609	22488	42.7295
assembly1_vs_hapb	Chromosome_1B	Chromosome_5B	+	3	11276	15415	73.1495
assembly1_vs_hapb	Chromosome_7B	Chromosome_2A	+	2	584	14600	4.0000
assembly1_vs_hapb	Chromosome_7B	Chromosome_6A	+	2	9225	13296	69.3818
assembly1_vs_hapb	Chromosome_7B	Chromosome_1B	-	8	2031	13193	15.3945
assembly1_vs_hapb	Chromosome_7B	Chromosome_7B	-	7	6022	12432	48.4395
assembly1_vs_hapb	Chromosome_5B	Chromosome_4A	+	2	357	12328	2.8958
assembly1_vs_hapb	Chromosome_7B	Chromosome_4A	-	4	467	9219	5.0656
assembly1_vs_hapb	Chromosome_5B	Chromosome_7B	-	1	165	9165	1.8003
assembly1_vs_hapb	Chromosome_5B	Chromosome_6A	+	2	570	7490	7.6101
assembly1_vs_hapb	Chromosome_5B	Chromosome_8B	-	2	695	4576	15.1879
assembly1_vs_hapb	Chromosome_1B	Chromosome_6B	-	3	699	4440	15.7432
assembly1_vs_hapb	Chromosome_1B	Chromosome_9B	-	2	2262	4431	51.0494
assembly1_vs_hapb	Chromosome_7B	Chromosome_2A	-	3	1283	4354	29.4672
assembly1_vs_hapb	Chromosome_5B	Chromosome_4A	-	4	1969	4006	49.1513
assembly1_vs_hapb	Chromosome_7B	Chromosome_6B	-	7	1368	3520	38.8636
assembly1_vs_hapb	Chromosome_1B	Chromosome_2A	-	4	657	2694	24.3875
assembly1_vs_hapb	Chromosome_1B	Chromosome_6B	+	4	700	1959	35.7325
assembly1_vs_hapb	Chromosome_1B	Chromosome_6A	+	5	814	1923	42.3297
assembly1_vs_hapb	Chromosome_1B	Chromosome_7B	-	3	241	1857	12.9779
assembly1_vs_hapb	Chromosome_1B	Chromosome_2A	+	3	232	1291	17.9706
assembly1_vs_hapb	Chromosome_1B	Chromosome_4A	+	2	1058	1175	90.0426
assembly1_vs_hapb	Chromosome_5B	Chromosome_6A	-	3	746	1162	64.1997
assembly1_vs_hapb	Chromosome_7B	Chromosome_5B	+	1	772	1065	72.4883
assembly1_vs_hapb	Chromosome_1B	Chromosome_5B	-	2	108	970	11.1340
assembly1_vs_hapb	Chromosome_5B	Chromosome_1B	-	1	239	496	48.1855
assembly1_vs_hapb	Chromosome_5B	Chromosome_6B	-	1	52	445	11.6854
assembly1_vs_hapb	Chromosome_1B	Chromosome_6A	-	1	78	409	19.0709
assembly1_vs_hapb	Chromosome_7B	Chromosome_10A	-	3	201	352	57.1023
assembly1_vs_hapb	Chromosome_6B	Chromosome_4A	-	1	167	274	60.9489
assembly1_vs_hapb	Chromosome_1B	Chromosome_9B	+	1	46	228	20.1754
assembly1_vs_hapb	Chromosome_7B	Chromosome_1B	+	1	51	200	25.5000
assembly1_vs_hapb	Chromosome_6B	Chromosome_8B	+	1	56	163	34.3558
assembly1_vs_hapb	Chromosome_1B	Chromosome_4A	-	1	48	102	47.0588
assembly1_vs_hapb	Chromosome_7B	Chromosome_5B	-	1	48	79	60.7595
assembly1_vs_hapb	Chromosome_7B	Chromosome_9B	+	1	40	49	81.6327
hapa_vs_hapb	Chromosome_1B	Chromosome_1A	-	651	49581275	69732870	71.1017
hapa_vs_hapb	Chromosome_2B	Chromosome_2A	-	703	43345417	59246796	73.1608
hapa_vs_hapb	Chromosome_3B	Chromosome_6A	+	1132	40157311	58908843	68.1686
hapa_vs_hapb	Chromosome_2B	Chromosome_2A	+	657	44882588	57863059	77.5669
hapa_vs_hapb	Chromosome_4B	Chromosome_4A	+	390	40557051	57555447	70.4661
hapa_vs_hapb	Chromosome_5B	Chromosome_5A	-	382	43486356	57141717	76.1026
hapa_vs_hapb	Chromosome_6B	Chromosome_3A	-	498	46013363	56540546	81.3812
hapa_vs_hapb	Chromosome_1B	Chromosome_1A	+	686	39253771	53209273	73.7724
hapa_vs_hapb	Chromosome_3B	Chromosome_6A	-	1024	31340870	51290602	61.1045
hapa_vs_hapb	Chromosome_5B	Chromosome_5A	+	504	38618665	48544943	79.5524
hapa_vs_hapb	Chromosome_7B	Chromosome_7A	+	1685	34955957	48120739	72.6422
hapa_vs_hapb	Chromosome_6B	Chromosome_3A	+	347	36427206	48087872	75.7513
hapa_vs_hapb	Chromosome_7B	Chromosome_7A	-	667	30303344	47198127	64.2045
hapa_vs_hapb	Chromosome_4B	Chromosome_4A	-	411	39131318	47106562	83.0698
hapa_vs_hapb	Chromosome_8B	Chromosome_8A	-	893	24953185	43739584	57.0494
hapa_vs_hapb	Chromosome_9B	Chromosome_9A	-	513	30317228	42624115	71.1269
hapa_vs_hapb	Chromosome_8B	Chromosome_8A	+	1018	24530888	41858705	58.6040
hapa_vs_hapb	Chromosome_9B	Chromosome_9A	+	502	28830754	38504518	74.8763
hapa_vs_hapb	Chromosome_10B	Chromosome_10A	-	615	21545812	36037199	59.7877
hapa_vs_hapb	Chromosome_10B	Chromosome_10A	+	569	18387705	32738093	56.1661
hapa_vs_hapb	Chromosome_8B	Chromosome_4A	-	421	1184740	3860085	30.6921
hapa_vs_hapb	Chromosome_7B	Chromosome_4A	+	489	1135842	3732745	30.4291
hapa_vs_hapb	Chromosome_8B	Chromosome_2A	+	463	855857	3721840	22.9955
hapa_vs_hapb	Chromosome_3B	Chromosome_3A	-	415	480268	3595022	13.3593
hapa_vs_hapb	Chromosome_8B	Chromosome_2A	-	470	712613	3573321	19.9426
hapa_vs_hapb	Chromosome_8B	Chromosome_4A	+	374	1147739	3401796	33.7392
hapa_vs_hapb	Chromosome_2B	Chromosome_3A	+	264	464986	3164981	14.6916
hapa_vs_hapb	Chromosome_8B	Chromosome_1A	-	530	563024	3146176	17.8955
hapa_vs_hapb	Chromosome_3B	Chromosome_4A	-	342	722632	3051488	23.6813
hapa_vs_hapb	Chromosome_3B	Chromosome_3A	+	368	535098	2787069	19.1993
hapa_vs_hapb	Chromosome_2B	Chromosome_1A	-	327	429957	2685585	16.0098
hapa_vs_hapb	Chromosome_8B	Chromosome_3A	-	348	782375	2659187	29.4216
hapa_vs_hapb	Chromosome_2B	Chromosome_4A	-	294	572195	2567941	22.2822
hapa_vs_hapb	Chromosome_3B	Chromosome_1A	+	385	326486	2527137	12.9192
hapa_vs_hapb	Chromosome_8B	Chromosome_9A	-	304	412743	2503979	16.4835
hapa_vs_hapb	Chromosome_3B	Chromosome_8A	-	195	780629	2496487	31.2691
hapa_vs_hapb	Chromosome_2B	Chromosome_8A	+	159	717714	2493634	28.7819
hapa_vs_hapb	Chromosome_3B	Chromosome_5A	+	318	544599	2487908	21.8898
hapa_vs_hapb	Chromosome_8B	Chromosome_6A	-	291	416215	2462559	16.9017
hapa_vs_hapb	Chromosome_3B	Chromosome_4A	+	347	735310	2456440	29.9340
hapa_vs_hapb	Chromosome_1B	Chromosome_5A	+	316	485501	2413233	20.1183
hapa_vs_hapb	Chromosome_8B	Chromosome_3A	+	313	400521	2407283	16.6379
hapa_vs_hapb	Chromosome_8B	Chromosome_9A	+	289	928074	2398425	38.6951
hapa_vs_hapb	Chromosome_1B	Chromosome_4A	+	358	528172	2384731	22.1481
hapa_vs_hapb	Chromosome_3B	Chromosome_7A	+	260	430174	2354674	18.2689
hapa_vs_hapb	Chromosome_8B	Chromosome_10A	-	214	531520	2340730	22.7074
hapa_vs_hapb	Chromosome_3B	Chromosome_2A	+	354	341309	2330255	14.6469
hapa_vs_hapb	Chromosome_8B	Chromosome_1A	+	495	417697	2322823	17.9823
hapa_vs_hapb	Chromosome_7B	Chromosome_3A	-	324	308454	2281695	13.5186
hapa_vs_hapb	Chromosome_3B	Chromosome_1A	-	365	379868	2241070	16.9503
hapa_vs_hapb	Chromosome_7B	Chromosome_4A	-	299	460074	2236068	20.5751
hapa_vs_hapb	Chromosome_8B	Chromosome_7A	+	297	456765	2229774	20.4848
hapa_vs_hapb	Chromosome_2B	Chromosome_4A	+	273	465720	2225680	20.9248
hapa_vs_hapb	Chromosome_3B	Chromosome_7A	-	276	564685	2198295	25.6874
hapa_vs_hapb	Chromosome_8B	Chromosome_7A	-	313	564719	2179327	25.9125
hapa_vs_hapb	Chromosome_6B	Chromosome_4A	+	178	611759	2166205	28.2410
hapa_vs_hapb	Chromosome_7B	Chromosome_3A	+	299	333845	2144622	15.5666
hapa_vs_hapb	Chromosome_3B	Chromosome_9A	+	256	303979	2115191	14.3712
hapa_vs_hapb	Chromosome_8B	Chromosome_5A	+	348	380230	2072755	18.3442
hapa_vs_hapb	Chromosome_7B	Chromosome_1A	+	345	303570	2044029	14.8516
hapa_vs_hapb	Chromosome_10B	Chromosome_4A	-	189	749796	2026110	37.0067
hapa_vs_hapb	Chromosome_1B	Chromosome_2A	-	318	228715	2007473	11.3932
hapa_vs_hapb	Chromosome_2B	Chromosome_3A	-	280	324954	1969554	16.4989
hapa_vs_hapb	Chromosome_7B	Chromosome_2A	+	321	240269	1955168	12.2889
hapa_vs_hapb	Chromosome_7B	Chromosome_6A	+	248	634118	1925098	32.9395
hapa_vs_hapb	Chromosome_3B	Chromosome_9A	-	227	336728	1919903	17.5388
hapa_vs_hapb	Chromosome_1B	Chromosome_2A	+	312	257296	1906123	13.4984
hapa_vs_hapb	Chromosome_3B	Chromosome_8A	+	159	547029	1896361	28.8462
hapa_vs_hapb	Chromosome_7B	Chromosome_8A	-	182	319766	1889789	16.9207
hapa_vs_hapb	Chromosome_4B	Chromosome_3A	+	206	223934	1848930	12.1115
hapa_vs_hapb	Chromosome_2B	Chromosome_5A	+	268	287029	1836803	15.6266
hapa_vs_hapb	Chromosome_7B	Chromosome_5A	-	355	326222	1821478	17.9097
hapa_vs_hapb	Chromosome_7B	Chromosome_5A	+	306	361360	1759187	20.5413
hapa_vs_hapb	Chromosome_2B	Chromosome_8A	-	110	586525	1710585	34.2880
hapa_vs_hapb	Chromosome_4B	Chromosome_1A	+	174	179992	1704482	10.5599
hapa_vs_hapb	Chromosome_7B	Chromosome_1A	-	360	268463	1690907	15.8769
hapa_vs_hapb	Chromosome_8B	Chromosome_5A	-	392	336791	1690288	19.9251
hapa_vs_hapb	Chromosome_3B	Chromosome_5A	-	338	491492	1671526	29.4038
hapa_vs_hapb	Chromosome_1B	Chromosome_3A	+	276	277937	1670166	16.6413
hapa_vs_hapb	Chromosome_1B	Chromosome_3A	-	289	256989	1652239	15.5540
hapa_vs_hapb	Chromosome_3B	Chromosome_2A	-	393	316896	1651783	19.1851
hapa_vs_hapb	Chromosome_7B	Chromosome_8A	+	172	223426	1641163	13.6139
hapa_vs_hapb	Chromosome_1B	Chromosome_8A	+	141	292665	1635414	17.8955
hapa_vs_hapb	Chromosome_9B	Chromosome_3A	+	190	183185	1630734	11.2333
hapa_vs_hapb	Chromosome_2B	Chromosome_9A	+	176	242958	1613671	15.0562
hapa_vs_hapb	Chromosome_2B	Chromosome_5A	-	295	231363	1607511	14.3926
hapa_vs_hapb	Chromosome_7B	Chromosome_9A	+	202	289674	1601691	18.0855
hapa_vs_hapb	Chromosome_10B	Chromosome_9A	+	134	380986	1596382	23.8656
hapa_vs_hapb	Chromosome_1B	Chromosome_7A	-	155	336858	1588248	21.2094
hapa_vs_hapb	Chromosome_5B	Chromosome_4A	+	158	306386	1583623	19.3472
hapa_vs_hapb	Chromosome_8B	Chromosome_6A	+	301	416387	1566200	26.5858
hapa_vs_hapb	Chromosome_2B	Chromosome_1A	+	307	265142	1564602	16.9463
hapa_vs_hapb	Chromosome_1B	Chromosome_5A	-	297	320971	1560795	20.5646
hapa_vs_hapb	Chromosome_1B	Chromosome_8A	-	104	689474	1536364	44.8770
hapa_vs_hapb	Chromosome_9B	Chromosome_3A	-	188	290302	1524820	19.0384
hapa_vs_hapb	Chromosome_4B	Chromosome_5A	+	207	314329	1507512	20.8508
hapa_vs_hapb	Chromosome_4B	Chromosome_3A	-	176	249622	1493972	16.7086
hapa_vs_hapb	Chromosome_5B	Chromosome_2A	-	173	190986	1489765	12.8199
hapa_vs_hapb	Chromosome_10B	Chromosome_4A	+	176	168408	1488381	11.3148
hapa_vs_hapb	Chromosome_2B	Chromosome_7A	-	180	307617	1482597	20.7485
hapa_vs_hapb	Chromosome_9B	Chromosome_7A	+	122	381893	1459140	26.1725
hapa_vs_hapb	Chromosome_5B	Chromosome_4A	-	138	206615	1452090	14.2288
hapa_vs_hapb	Chromosome_10B	Chromosome_6A	-	119	305403	1445585	21.1266
hapa_vs_hapb	Chromosome_1B	Chromosome_4A	-	249	279353	1438094	19.4252
hapa_vs_hapb	Chromosome_1B	Chromosome_6A	+	168	248725	1426895	17.4312
hapa_vs_hapb	Chromosome_4B	Chromosome_5A	-	186	219264	1423071	15.4078
hapa_vs_hapb	Chromosome_4B	Chromosome_1A	-	205	191763	1413113	13.5703
hapa_vs_hapb	Chromosome_4B	Chromosome_8A	+	89	623334	1412050	44.1439
hapa_vs_hapb	Chromosome_1B	Chromosome_7A	+	168	356637	1400874	25.4582
hapa_vs_hapb	Chromosome_1B	Chromosome_9A	+	172	273204	1388337	19.6785
hapa_vs_hapb	Chromosome_9B	Chromosome_5A	-	191	162583	1372241	11.8480
hapa_vs_hapb	Chromosome_9B	Chromosome_4A	+	266	316782	1356392	23.3548
hapa_vs_hapb	Chromosome_4B	Chromosome_9A	-	177	218269	1332248	16.3835
hapa_vs_hapb	Chromosome_4B	Chromosome_2A	-	193	206360	1328196	15.5369
hapa_vs_hapb	Chromosome_5B	Chromosome_1A	+	165	174488	1310337	13.3163
hapa_vs_hapb	Chromosome_7B	Chromosome_9A	-	179	199799	1301591	15.3504
hapa_vs_hapb	Chromosome_10B	Chromosome_3A	+	257	194627	1293153	15.0506
hapa_vs_hapb	Chromosome_8B	Chromosome_10A	+	181	238126	1280510	18.5962
hapa_vs_hapb	Chromosome_9B	Chromosome_2A	+	217	368482	1276594	28.8645
hapa_vs_hapb	Chromosome_10B	Chromosome_5A	+	173	211805	1263906	16.7580
hapa_vs_hapb	Chromosome_2B	Chromosome_9A	-	185	248153	1262675	19.6530
hapa_vs_hapb	Chromosome_9B	Chromosome_2A	-	216	159883	1260352	12.6856
hapa_vs_hapb	Chromosome_10B	Chromosome_7A	-	127	224612	1257558	17.8610
hapa_vs_hapb	Chromosome_10B	Chromosome_1A	+	188	359638	1235747	29.1029
hapa_vs_hapb	Chromosome_5B	Chromosome_1A	-	190	157834	1223186	12.9035
hapa_vs_hapb	Chromosome_1B	Chromosome_9A	-	197	173337	1213949	14.2788
hapa_vs_hapb	Chromosome_7B	Chromosome_2A	-	283	205746	1180371	17.4306
hapa_vs_hapb	Chromosome_6B	Chromosome_2A	+	165	128615	1179558	10.9037
hapa_vs_hapb	Chromosome_2B	Chromosome_7A	+	188	327133	1158938	28.2270
hapa_vs_hapb	Chromosome_6B	Chromosome_7A	+	113	304910	1154434	26.4121
hapa_vs_hapb	Chromosome_6B	Chromosome_1A	+	180	135865	1148949	11.8252
hapa_vs_hapb	Chromosome_9B	Chromosome_1A	+	206	329491	1145641	28.7604
hapa_vs_hapb	Chromosome_9B	Chromosome_8A	+	95	213505	1130935	18.8786
hapa_vs_hapb	Chromosome_9B	Chromosome_7A	-	134	137684	1129278	12.1922
hapa_vs_hapb	Chromosome_5B	Chromosome_2A	+	154	109141	1128995	9.6671
hapa_vs_hapb	Chromosome_7B	Chromosome_6A	-	186	229046	1121522	20.4228
hapa_vs_hapb	Chromosome_6B	Chromosome_1A	-	176	125343	1115027	11.2413
hapa_vs_hapb	Chromosome_6B	Chromosome_9A	+	118	244797	1113143	21.9915
hapa_vs_hapb	Chromosome_10B	Chromosome_8A	+	102	323579	1109620	29.1612
hapa_vs_hapb	Chromosome_4B	Chromosome_7A	-	112	198405	1103570	17.9785
hapa_vs_hapb	Chromosome_2B	Chromosome_6A	+	174	187528	1098606	17.0696
hapa_vs_hapb	Chromosome_5B	Chromosome_9A	-	119	227707	1083161	21.0225
hapa_vs_hapb	Chromosome_9B	Chromosome_6A	-	123	121030	1071922	11.2909
hapa_vs_hapb	Chromosome_10B	Chromosome_9A	-	124	208155	1063541	19.5719
hapa_vs_hapb	Chromosome_5B	Chromosome_3A	+	144	102466	1031010	9.9384
hapa_vs_hapb	Chromosome_9B	Chromosome_4A	-	187	182123	1029080	17.6977
hapa_vs_hapb	Chromosome_5B	Chromosome_3A	-	138	155412	1024554	15.1687
hapa_vs_hapb	Chromosome_4B	Chromosome_6A	+	118	176234	1013540	17.3880
hapa_vs_hapb	Chromosome_6B	Chromosome_5A	+	177	151776	1008631	15.0477
hapa_vs_hapb	Chromosome_4B	Chromosome_7A	+	124	137916	1008446	13.6761
hapa_vs_hapb	Chromosome_7B	Chromosome_10A	-	124	280216	1003179	27.9328
hapa_vs_hapb	Chromosome_10B	Chromosome_1A	-	178	225930	1000016	22.5926
hapa_vs_hapb	Chromosome_4B	Chromosome_2A	+	180	184920	982463	18.8221
hapa_vs_hapb	Chromosome_2B	Chromosome_6A	-	155	204418	955140	21.4019
hapa_vs_hapb	Chromosome_5B	Chromosome_7A	-	98	123846	947115	13.0761
hapa_vs_hapb	Chromosome_2B	Chromosome_10A	-	102	98920	940567	10.5171
hapa_vs_hapb	Chromosome_6B	Chromosome_5A	-	200	182923	939403	19.4723
hapa_vs_hapb	Chromosome_10B	Chromosome_8A	-	96	169571	927351	18.2855
hapa_vs_hapb	Chromosome_10B	Chromosome_2A	-	189	185460	923772	20.0764
hapa_vs_hapb	Chromosome_1B	Chromosome_10A	-	79	111436	914315	12.1879
hapa_vs_hapb	Chromosome_4B	Chromosome_6A	-	118	170602	910410	18.7390
hapa_vs_hapb	Chromosome_1B	Chromosome_6A	-	190	165367	904855	18.2755
hapa_vs_hapb	Chromosome_5B	Chromosome_7A	+	101	246908	900313	27.4247
hapa_vs_hapb	Chromosome_4B	Chromosome_8A	-	81	366874	898903	40.8135
hapa_vs_hapb	Chromosome_9B	Chromosome_5A	+	208	214568	895243	23.9676
hapa_vs_hapb	Chromosome_1B	Chromosome_10A	+	105	137392	888473	15.4638
hapa_vs_hapb	Chromosome_6B	Chromosome_9A	-	113	141170	884089	15.9678
hapa_vs_hapb	Chromosome_6B	Chromosome_7A	-	113	185319	883304	20.9802
hapa_vs_hapb	Chromosome_6B	Chromosome_4A	-	166	247377	872428	28.3550
hapa_vs_hapb	Chromosome_7B	Chromosome_10A	+	102	230707	860283	26.8176
hapa_vs_hapb	Chromosome_10B	Chromosome_5A	-	173	179936	853030	21.0937
hapa_vs_hapb	Chromosome_3B	Chromosome_10A	+	141	182611	810260	22.5373
hapa_vs_hapb	Chromosome_5B	Chromosome_6A	+	96	114295	807599	14.1524
hapa_vs_hapb	Chromosome_5B	Chromosome_6A	-	89	122994	804135	15.2952
hapa_vs_hapb	Chromosome_9B	Chromosome_6A	+	120	143703	792088	18.1423
hapa_vs_hapb	Chromosome_9B	Chromosome_1A	-	221	171036	792044	21.5943
hapa_vs_hapb	Chromosome_9B	Chromosome_8A	-	80	147777	766795	19.2720
hapa_vs_hapb	Chromosome_9B	Chromosome_10A	+	100	78871	708909	11.1257
hapa_vs_hapb	Chromosome_10B	Chromosome_7A	+	103	162249	703627	23.0590
hapa_vs_hapb	Chromosome_6B	Chromosome_2A	-	160	144507	695995	20.7626
hapa_vs_hapb	Chromosome_4B	Chromosome_9A	+	108	133277	680641	19.5811
hapa_vs_hapb	Chromosome_10B	Chromosome_2A	+	144	119950	674990	17.7706
hapa_vs_hapb	Chromosome_4B	Chromosome_10A	+	66	62289	663823	9.3834
hapa_vs_hapb	Chromosome_6B	Chromosome_6A	+	103	69004	627687	10.9934
hapa_vs_hapb	Chromosome_6B	Chromosome_6A	-	149	103893	622624	16.6863
hapa_vs_hapb	Chromosome_3B	Chromosome_10A	-	142	151593	592490	25.5857
hapa_vs_hapb	Chromosome_5B	Chromosome_8A	+	57	132990	556944	23.8785
hapa_vs_hapb	Chromosome_5B	Chromosome_9A	+	97	83554	544028	15.3584
hapa_vs_hapb	Chromosome_4B	Chromosome_10A	-	63	64471	527098	12.2313
hapa_vs_hapb	Chromosome_10B	Chromosome_3A	-	143	138508	512420	27.0302
hapa_vs_hapb	Chromosome_9B	Chromosome_10A	-	95	73154	494813	14.7842
hapa_vs_hapb	Chromosome_10B	Chromosome_6A	+	125	100129	488430	20.5002
hapa_vs_hapb	Chromosome_2B	Chromosome_10A	+	100	90500	480395	18.8387
hapa_vs_hapb	Chromosome_5B	Chromosome_10A	-	51	50112	473443	10.5846
hapa_vs_hapb	Chromosome_5B	Chromosome_8A	-	51	48970	424304	11.5413
hapa_vs_hapb	Chromosome_5B	Chromosome_10A	+	40	77926	402807	19.3457
hapa_vs_hapb	Chromosome_6B	Chromosome_8A	-	54	35192	318755	11.0405
hapa_vs_hapb	Chromosome_6B	Chromosome_10A	-	37	61799	312533	19.7736
hapa_vs_hapb	Chromosome_6B	Chromosome_8A	+	47	105740	306355	34.5155
hapa_vs_hapb	Chromosome_6B	Chromosome_10A	+	66	53506	276014	19.3852
