sample	group	assay	cov_file
Pum1	Pum	WGBS	output/13-wgbs/methylation/Pum1.CpG_report.merged_CpG_evidence.cov.gz
Pum2	Pum	WGBS	output/13-wgbs/methylation/Pum2.CpG_report.merged_CpG_evidence.cov.gz
Pum3	Pum	WGBS	output/13-wgbs/methylation/Pum3.CpG_report.merged_CpG_evidence.cov.gz
Pum4	Pum	WGBS	output/13-wgbs/methylation/Pum4.CpG_report.merged_CpG_evidence.cov.gz
Pum5	Pum	WGBS	output/13-wgbs/methylation/Pum5.CpG_report.merged_CpG_evidence.cov.gz
Qui1	Qui	WGBS	output/13-wgbs/methylation/Qui1.CpG_report.merged_CpG_evidence.cov.gz
Qui2	Qui	WGBS	output/13-wgbs/methylation/Qui2.CpG_report.merged_CpG_evidence.cov.gz
Qui3	Qui	WGBS	output/13-wgbs/methylation/Qui3.CpG_report.merged_CpG_evidence.cov.gz
Qui4	Qui	WGBS	output/13-wgbs/methylation/Qui4.CpG_report.merged_CpG_evidence.cov.gz
Qui5	Qui	WGBS	output/13-wgbs/methylation/Qui5.CpG_report.merged_CpG_evidence.cov.gz
Rio1	Rio	WGBS	output/13-wgbs/methylation/Rio1.CpG_report.merged_CpG_evidence.cov.gz
Rio2	Rio	WGBS	output/13-wgbs/methylation/Rio2.CpG_report.merged_CpG_evidence.cov.gz
Rio3	Rio	WGBS	output/13-wgbs/methylation/Rio3.CpG_report.merged_CpG_evidence.cov.gz
Rio4	Rio	WGBS	output/13-wgbs/methylation/Rio4.CpG_report.merged_CpG_evidence.cov.gz
Rio5	Rio	WGBS	output/13-wgbs/methylation/Rio5.CpG_report.merged_CpG_evidence.cov.gz
